PLT_trois_bis,PLT_deux_bis,P_site,Year,Ps,LAT,LON,Continent,Continent_Feld,DBHqm,BA,SD,WD,WDba,HL_FeldReg,HL_FeldCont,HL_FeldPan,H_FeldReg,H_FeldCont,H_FeldPan,AGB_Chave_eq7,AGB_Feld_Pan,AGB_Feld_Cont,AGB_Feld_Reg,elevation,pis,network,source,team,Bio1_CHELSA,Bio12_CHELSA,Bio15_CHELSA,Bio1_WC,Bio12_WC,Bio15_WC,Bio1_ERA5,Bio12_ERA5,Bio15_ERA5,Bio12_CHIRPS,Bio15_CHIRPS,Bio1_TC,Bio12_TC,Bio15_TC,Bio1_MODIS,Bio12_IMERG,Bio15_IMERG,Bio12_TRMM,Bio15_TRMM,Bio1_CRU,Bio12_CRU,Bio15_CRU,bulk,clay,org,ph,sand,water,slope,elevation.y
164_PLT125_1958,164_PLT125,,1958,1.04955182218691,2.20213692169637,-58.3323710539844,South America,SAmerica,303.678172060836,13422.479620523,1853.17195290775,2.42396019733814,2.42129666917876,42.7953488951812,42.3309554801804,49.7474615330845,42.8449656938578,42.5610899034834,50.6180448102473,1043805.47820674,930584.828130224,795181.357029237,803823.727600849,,,Science-i,Science-i,,25.2849941253662,2384.85595703125,58.7370300292969,26.0405673980713,1777.67724609375,64.8117828369141,25.1615543365479,2180.21606445313,55.9552116394043,2188.69091796875,75.1379013061523,26.3146800994873,1712.484375,73.8448104858399,23.6244430541992,2276.4677734375,62.125114440918,2337.47216796875,63.6577301025391,26.475000222524,1936.15001678467,68.6375229364433,1.03006201609969,17.6222373871133,13.353801381425,6.19199637044221,42.3342836135998,17.713774854783,23.2400202413555,454.720686196815
209_PLT135_1933,209_PLT135,,1933,1.81081847165478,-8.75774416141212,-66.5626250673086,South America,SAmerica,304.977782131615,6781.39563605386,928.309505515399,2.42810049772872,2.43263573488678,70.1118083504078,42.3339417443583,49.7611495390552,79.0676798010669,42.5614165249836,50.6220565202515,612943.449865255,472301.234893121,403484.065131385,658778.59849722,,,Science-i,Science-i,,25.5234107971191,2129.00146484375,58.1330261230469,25.7076854705811,1977.216796875,58.4603729248047,25.4536209106445,2134.10717773438,46.779899597168,1969.70788574219,62.7365608215332,25.7516593933106,1948.7890625,63.8564186096192,25.1740779876709,2167.12915039063,65.0054321289063,2182.40087890625,67.5029067993164,26.3250002861023,2062.90002536774,62.0620533787183,1.43064410835505,16.9403031724505,3.03826342895627,6.4483109517023,51.7901411512867,48.2497157168109,25.9433559584431,494.754795389017
218_PLT118_2011,218_PLT118,,2011,1.20898999570636,-11.4397237077355,-53.033149469411,South America,SAmerica,299.773584731894,7449.11315146515,1055.42643407441,2.42423450864073,2.43023286561661,69.6699550169055,42.3197578933616,49.7110934600972,79.1308751783735,42.56156830436,50.62393407944,607936.103031119,518129.070566694,442911.335797596,719428.90764223,,,Science-i,Science-i,,25.225378036499,2129.99853515625,77.1222534179688,25.5110359191895,2063.17138671875,76.9270248413086,25.1978378295898,1724.63134765625,77.3788299560547,1727.02819824219,86.5812835693359,25.6802730560303,2005.9921875,77.0111846923828,24.5995788574219,1862.07580566406,81.6571807861328,1857.76013183594,82.9957580566406,26.0500001907349,2066.1000135541,78.6238243526932,1.12718153744936,21.6517049726099,2.39508752769325,5.58454290311784,72.4809405719861,37.7777492720634,15.1349042658694,391.535047095967
224_PLT111_1964,224_PLT111,,1964,0.720406037173233,-1.27350106369704,-64.4134087255225,South America,SAmerica,301.385995622932,12239.879577266,1715.6991144187,2.43333196430395,2.42878814997317,47.3422117617203,42.3256167284572,49.7117311553995,48.004476026167,42.5599595817005,50.6044474298021,1116190.59402322,851031.736069111,727625.338917549,811485.631296151,,,Science-i,Science-i,,25.5875778198242,2703.70532226563,27.0789451599121,26.3247566223145,2710.56860351563,23.4096126556397,25.5121269226074,2764.29418945313,24.6923408508301,2485.57763671875,29.2857055664063,26.6405277252197,2623.1171875,25.8070449829102,25.2105960845947,2390.03149414063,29.6888790130615,2413.349609375,30.1863136291504,26.8291668891907,2379.05004501343,29.1439056201889,1.50641392320395,33.2981225126423,9.96997791307513,6.13935379870236,54.9050059868023,35.8868786902167,15.6296084134374,466.989271603525
232_PLT148_1949,232_PLT148,,1949,1.49801283038687,-0.219366289675236,-59.2563644051552,South America,SAmerica,307.136214338625,6879.60545621587,928.563475414805,2.4352878143936,2.43434953283108,42.7987508202185,42.3427251694344,49.7770671654657,42.8449608316453,42.5601837751239,50.6071105158044,626518.862676943,479714.570552051,409767.375222275,414132.896909659,,,Science-i,Science-i,,25.3687629699707,2448.46069335938,41.7035827636719,26.4803638458252,2171.7919921875,41.0547142028809,25.3103446960449,2814.11450195313,36.6324272155762,2150.328125,59.3176078796387,26.8789710998535,2121.046875,48.1087188720703,24.7969341278076,1906.93115234375,49.88623046875,2021.92321777344,53.3324851989746,27.1125005086263,2036.15002441406,46.7353418034868,1.55237382743508,23.2986320182681,5.48098884779029,6.78722184058279,70.3860658872873,7.37797742476687,0.901093524880707,716.845395719865
23_PLT117_1961,23_PLT117,,1961,1.33802046981873,-7.69091460853815,-62.7484136726707,South America,SAmerica,304.221599777006,10131.7870101675,1393.85012566561,2.42551681421948,2.4127312887599,47.3672231914639,42.3325152963173,49.7469454758935,48.0134484918213,42.5612984262108,50.6206015134464,899437.765211533,699946.265785662,598158.783370255,667311.50293981,,,Science-i,Science-i,,26.1684741973877,2364.06298828125,57.5955200195313,25.7984714508057,2215.54760742188,58.3289184570313,26.1442813873291,2413.2529296875,49.6039161682129,1992.15637207031,66.7599411010742,26.0326824188232,2091.09375,65.1467208862305,25.4305305480957,2426.95434570313,62.6866683959961,2212.73486328125,62.9122772216797,26.4166669845581,2230.90008544922,65.126928430227,0.836445199511945,52.8913857671432,10.02299285552,6.64512620680034,38.7468898948282,22.7849060588051,22.6265870535281,55.5784359632526
322_PLT079_1962,322_PLT079,,1962,1.37369918409968,-10.3980615921319,-72.7088826301042,South America,SAmerica,308.762691994507,8077.85553938335,1078.83881504327,2.44425912706332,2.44124552640694,44.0054454931453,42.3457707803783,49.7926531283474,45.1491703802321,42.5617592015452,50.6263078276614,724116.012406492,564720.140970576,482276.056891361,500510.698573725,,,Science-i,Science-i,,24.5433349609375,1758.08056640625,53.4835662841797,25.265754699707,1709.39404296875,51.8653411865234,24.4374771118164,2189.39697265625,46.9224739074707,1633.19506835938,55.1244125366211,25.432487487793,1633.953125,52.2945137023926,23.7206230163574,1789.15063476563,51.6418075561523,1845.87890625,53.1190414428711,24.729167064031,2124.15005302429,47.5400621775514,1.2224843904376,12.2915583336726,5.1454120160779,7.4192876694724,62.4974193330854,26.5030420932453,39.1969536140095,356.557013002457
342_PLT095_1973,342_PLT095,,1973,0.573995557730085,-8.84472251404077,-61.7526885354891,South America,SAmerica,301.14279897134,22410.113767959,3146.36581359964,2.42535211576388,2.42554054326362,69.7223129162898,42.3223856970256,49.7182657849526,78.841279604108,42.5608585372354,50.6152264446285,2042262.10274473,1555866.2525172,1329929.76832184,2161042.35615377,,,Science-i,Science-i,,26.032901763916,2163.8017578125,62.0457077026367,25.4144134521484,2308.01586914063,60.3010025024414,26.0050792694092,2096.89501953125,54.3748397827149,2258.33642578125,69.7101058959961,25.7125015258789,2282.8203125,64.260009765625,26.5342864990234,2301.51928710938,65.5572814941406,2183.88354492188,69.8949279785156,26.0541671117147,2292.95005178452,66.6247918689941,1.51393523551524,32.1100037102588,3.22152122936677,5.25772614497691,35.9010683652014,30.2113968657795,0.283535277703777,806.826334280195
358_PLT141_1986,358_PLT141,,1986,0.754465858335608,4.78156541474164,-67.0376352965832,South America,SAmerica,303.502800022648,13453.4405841767,1859.59375695952,2.42828056521596,2.43157196562628,42.7931888597756,42.3275017607629,49.7516748024885,42.8449655167628,42.5610558571616,50.617628853347,1291482.70382386,936432.93460433,800017.782739717,808733.098398529,,,Science-i,Science-i,,21.9690799713135,6708.41748046875,57.5123977661133,24.4205627441406,2612.24658203125,64.4871139526367,23.8938217163086,5561.8486328125,43.0912895202637,2987.732421875,51.6222915649414,24.9586906433106,2615.5859375,69.2450866699219,25.1243495941162,3188.30712890625,46.2309722900391,3062.99462890625,45.4565277099609,21.304166952769,2674.65005397797,71.3920256555628,1.24114801157266,49.9462422821671,11.8432673690841,4.74680880829692,55.6605916423723,36.4217717689462,3.24257057975046,839.887381209992
441_PLT115_1919,441_PLT115,,1919,1.03324774705106,-9.25799738615751,-74.5408979069907,South America,SAmerica,305.876509515341,7694.9344817788,1047.18350762252,2.40834302267126,2.40291993340328,43.9862491745673,42.3357801031504,49.7716915735754,45.134441861537,42.5612685613406,50.6202343662935,690448.407009645,529527.419688457,452304.41736716,469315.7603699,,,Science-i,Science-i,,22.5185508728027,2928.40795898438,46.5259590148926,24.695592880249,2057.96240234375,41.8799438476563,24.8829879760742,2737.50244140625,43.7657470703125,1870.146484375,53.2913322448731,26.1911449432373,2180.203125,41.765193939209,22.7947406768799,2460.8701171875,36.4843406677246,2106.3212890625,38.9586296081543,25.2708335717519,2798.25008010864,43.495538641194,1.16529178824276,16.094962998759,1.85712730733212,5.13789981044829,48.8773880293593,46.2057592289057,7.38950512488373,238.938151997281
445_PLT089_1956,445_PLT089,,1956,1.60396121424856,-2.45707631111145,-69.8765324254055,South America,SAmerica,301.663180171469,6456.6763121392,903.388428054255,2.43090391657438,2.42369324194803,43.9222481341507,42.3261472542428,49.727735797006,45.1100243918118,42.5604281018085,50.6100315266635,561677.669209543,448039.688991742,382957.548090775,396870.439186189,,,Science-i,Science-i,,25.0643501281738,3587.3876953125,18.5851707458496,26.0671234130859,3194.73852539063,16.642650604248,25.0268287658691,3041.01733398438,16.3882026672363,3167.56982421875,17.4154396057129,26.246940612793,3133.4765625,18.3211822509766,24.8201370239258,3378.9873046875,19.3789672851563,3503.78686523438,19.1458015441895,26.2083334922791,2966.25004577637,21.466394979549,1.5654666762799,38.0473991879262,7.26829610276036,3.54186844732612,35.9019638877362,32.825805231696,34.6650333423167,355.756033135112
579_PLT127_1906,579_PLT127,,1906,0.674299885809888,-0.282012992538512,-60.4315065837,South America,SAmerica,302.558888692925,14639.5310498493,2036.1860188526,2.43513892749074,2.43242264017474,42.7949925767857,42.3269413643611,49.7342842457122,42.8449640987127,42.5607863389206,50.6143510774095,1310526.19890181,1019366.32505882,871181.574871947,880729.407872858,,,Science-i,Science-i,,25.4309406280518,2347.36181640625,35.9251556396484,26.5499038696289,2158.46923828125,37.294750213623,25.4430389404297,2955.65502929688,33.4901695251465,2265.64404296875,50.6846160888672,26.8759441375732,2103.1640625,45.5002632141113,25.1052474975586,1929.23974609375,46.7751770019531,2100.01806640625,48.970947265625,27.2416671117147,2037.40002059937,43.9527290083223,1.16266732495278,20.3265694808215,7.91682916856371,4.23539809603244,53.8754260865971,24.2789678939153,33.0832937615924,861.169847259298
650_PLT139_1928,650_PLT139,,1928,1.40359637018992,3.06467120535672,-57.8377412224654,South America,SAmerica,303.781594488629,7936.78154974083,1095.04415417662,2.43435574183282,2.43678966454686,42.7973650873783,42.3314878137671,49.7380311248386,42.8449655562996,42.5610634523502,50.6177216187292,659854.397093388,553738.332724933,473237.384464853,478385.853021475,,,Science-i,Science-i,,25.6500358581543,2155.98266601563,58.4086418151856,26.0446224212647,1963.5830078125,57.9306030273438,25.5848484039307,1802.54248046875,56.3592414855957,1898.58728027344,72.3695068359375,26.1336917877197,1882.3671875,64.9422225952149,23.8581314086914,2273.01416015625,60.7405014038086,2211.95849609375,62.2152824401856,25.9541671276093,2076.450050354,61.6260003222393,1.34205650836229,16.3765825121664,9.19983990932815,6.87091727554798,74.7912933817133,29.3936165247578,43.7344036053401,858.032190670492
665_PLT085_2019,665_PLT085,,2019,0.530323423503432,-6.45143438596278,-53.6408813379239,South America,SAmerica,308.150789128986,18872.4444645055,2530.53125795285,2.41874494940889,2.42590689507034,70.4042590778877,42.3408997405879,49.7931858058724,79.0923110009744,42.5614758847586,50.6227898015447,1740226.60837085,1311102.17643695,1119522.41246812,1835463.24862362,,,Science-i,Science-i,,25.3354167938232,2103.14868164062,62.1039962768555,25.2706336975098,2010.18994140625,63.3325881958008,25.2820796966553,2153.75659179688,63.5612945556641,1773.29357910156,68.3253936767578,25.5976238250732,1885.0546875,63.736213684082,24.6425609588623,2046.75708007813,61.311279296875,2085.69506835938,65.0154800415039,25.7333335876465,2160.35004520416,60.591516570789,1.25810672156513,47.6653932151385,5.32594133459497,4.42464712820947,74.1124633699656,7.63153198640794,20.9912569576409,297.374932682142
693_PLT137_1903,693_PLT137,,1903,1.22179878572933,-4.6239015320316,-74.2007092980202,South America,SAmerica,305.009207598076,11583.6576299203,1585.36742925616,2.41784216657429,2.4236225724483,43.9501743474911,42.3352197583636,49.750915807102,45.1292366470537,42.5610919944234,50.6180721447758,1027789.93097364,803974.855131764,686966.379922287,712275.768291418,,,Science-i,Science-i,,25.7712554931641,2934.00952148438,21.2872200012207,26.6318740844727,2446.68530273438,21.0139656066895,25.8004665374756,2842.91040039063,20.5304756164551,1386.12719726563,24.5050182342529,26.7660160064697,2336.34375,25.3169708251953,24.8398551940918,3293.25317382813,28.7097415924072,2827.7822265625,28.1053199768066,26.8791670799255,2337.50003433228,25.5741690560722,0.882339746132493,54.752267957665,7.5848889881745,4.45639982260764,36.4499972900376,16.7385585675947,3.34730309899896,147.78356620227
699_PLT114_1946,699_PLT114,,1946,1.20065757149132,-7.67117110081017,-64.6673647977877,South America,SAmerica,311.982449465754,6570.68642605162,859.528998528837,2.42740917131176,2.42776078876513,47.4267176809089,42.3529888242796,49.826227432623,48.0190262735077,42.5621124199281,50.6307382912279,615845.270777484,456994.730549701,390082.634732906,435536.891171931,,,Science-i,Science-i,,25.8372020721436,2372.85009765625,56.0121307373047,26.0440692901611,2374.75390625,55.8549423217774,25.8695945739746,2311.91796875,46.2487983703613,2119.822265625,62.3229904174805,26.3208980560303,2323.1328125,60.7363014221192,25.2621116638184,2218.8427734375,60.1951637268066,2239.50732421875,59.6589126586914,26.3958337306976,2225.15002250671,62.3536498329726,1.51985997632146,28.7231387943029,14.3398704987485,3.80676466133446,39.2889653844759,22.871837898856,29.1968155943323,707.512021623552
730_PLT132_2016,730_PLT132,,2016,1.98707742895931,1.30162990186363,-72.7909174747765,South America,SAmerica,306.390258073537,5962.6713518167,808.725405754134,2.42660653423784,2.42663422561136,43.9867756045201,42.3361252328957,49.7701990185044,45.1369463535195,42.561352829765,50.6212713112629,517763.244012743,414262.664707525,353861.917961154,367169.616469462,,,Science-i,Science-i,,24.3232803344727,3022.01318359375,35.7764167785645,26.2974376678467,2586.09790039063,41.1672782897949,24.1806316375732,2690.37255859375,33.2566108703613,2840.37084960938,44.6035919189453,26.034797668457,2493.8203125,39.510555267334,24.5047149658203,2818.2197265625,43.5771293640137,2829.77124023438,40.7007675170898,25.0250001748403,2604.90005493164,41.4590444022891,0.996870187483728,43.2557597314008,7.5020847589476,4.48289471212775,79.1384530626237,13.8985131506342,34.1366926277988,104.325721658533
78_PLT084_1901,78_PLT084,,1901,1.28926713217516,1.44060142338276,-72.9633359995205,South America,SAmerica,301.731163750768,9783.31161167289,1368.21916573946,2.41873301858474,2.41804502951414,43.9389958263735,42.3225869984274,49.7292740159625,45.1449405923871,42.5616195305308,50.6245698104172,841380.895031933,677127.084848204,578704.469701232,599979.915123261,,,Science-i,Science-i,,24.3232803344727,3022.01318359375,35.7764167785645,26.2974376678467,2586.09790039063,41.1672782897949,24.1806316375732,2690.37255859375,33.2566108703613,2840.37084960938,44.6035919189453,26.034797668457,2493.8203125,39.510555267334,24.5047149658203,2818.2197265625,43.5771293640137,2829.77124023438,40.7007675170898,25.0250001748403,2604.90005493164,41.4590444022891,0.833647626824677,14.7420330462046,13.4100782207679,6.42854082211852,57.1995986113325,42.4367403273936,6.16977364523336,33.8964118645526
796_PLT133_1922,796_PLT133,,1922,1.4904969293857,-8.97714951075614,-52.9808971274179,South America,SAmerica,301.282042407917,7002.39114072534,982.222754798549,2.41958174426179,2.41181255344273,69.856607376016,42.3234280354614,49.7317099077856,78.8701287887341,42.5609309379429,50.6161061690474,618871.482780658,483487.107805118,413199.125881786,672263.344973713,,,Science-i,Science-i,,25.0024890899658,2178.81982421875,70.109130859375,25.5817680358887,2032.34106445313,68.4590148925781,25.0724296569824,2037.32250976563,73.7538909912109,1913.25732421875,75.5557861328125,25.839973449707,1940.90625,72.0245513916016,24.4752998352051,2112.47802734375,67.9526596069336,2092.00439453125,73.1223449707031,25.8000003496806,2072.3500328064,70.4956098780958,1.06233657542616,29.1984818899073,13.7593537102221,6.88981266040355,76.2388453492895,11.879925027024,17.8463067580014,1004.40155058517
828_PLT107_1998,828_PLT107,,1998,1.66966536187101,-13.2611966412514,-52.8716837114189,South America,SAmerica,304.6004799832,7000.45026420839,960.671543310076,2.42597297829368,2.42785311869996,69.9952865167833,42.3329989296045,49.7562305765258,78.9554300063724,42.5611426965439,50.6186906254091,536296.085824436,486638.586421333,415768.093096875,677776.101049476,,,Science-i,Science-i,,25.2342700958252,1776.81140136719,82.5515518188477,24.7515983581543,1597.21557617188,80.7909545898438,25.1570587158203,1572.5029296875,80.5486145019531,1435.44018554688,91.1737747192383,24.8539066314697,1580.2578125,83.9471435546875,26.0338153839111,1690.56884765625,91.2299499511719,1756.58996582031,92.8500518798828,25.6750004291534,1878.10001146793,81.3919716275626,1.56360291931778,23.7191822286695,9.32665724365506,5.49010906834155,47.9919621394947,41.1538343911525,10.124339814065,35.0491781055462
848_PLT145_2017,848_PLT145,,2017,0.786044702923394,-6.05926010292023,-54.4320652086753,South America,SAmerica,301.9360636814,18026.7903502676,2517.66851508555,2.42452959198759,2.4234341893373,69.6468770784664,42.3266707690149,49.7232490295548,78.7676693248702,42.5606723260423,50.6129711672923,1618897.71546318,1250764.71424455,1069153.12331031,1734613.12835554,,,Science-i,Science-i,,25.7029457092285,2072.62377929688,62.0557746887207,25.5224151611328,2099.61987304688,63.2966156005859,25.6989631652832,2008.09216308594,62.0650978088379,1809.90417480469,68.5645141601563,25.8176765441895,1932.0546875,63.9597396850586,24.6425609588623,2045.46557617188,62.1447563171387,2041.9423828125,64.0321655273438,26.4083336989085,2114.65003967285,60.7738760306504,1.511631452851,50.7320019439794,6.4550017596921,5.05163611937314,44.40995559562,29.6071770449635,2.60813522385433,340.083240178647
918_PLT092_1986,918_PLT092,,1986,1.02093296847306,-0.902555086649954,-61.7571477137972,South America,SAmerica,306.045132096752,14137.1741544937,1921.77161536318,2.42530417618629,2.42538472328374,47.3854575360172,42.3389710421673,49.7701508494215,48.0109236127751,42.5609252788177,50.6160373222258,1347512.06897225,981983.949096101,838835.806550478,936095.614092915,,,Science-i,Science-i,,25.9985485076904,2356.0029296875,32.624153137207,26.4133758544922,2677.34375,32.1010704040527,25.8103275299072,2918.98046875,27.9324550628662,2504.88793945313,41.7568855285645,26.6952476501465,2669.46875,34.5106887817383,25.2320175170898,2565.70947265625,50.7923278808594,2380.009765625,49.8036041259766,27.3875005245209,2096.50002288818,39.2286504162392,1.35424272492528,32.4258170695975,2.63287301862147,4.48579597659409,59.5538194524124,34.8042938904837,17.8151709737722,919.639080448542
968_PLT105_1931,968_PLT105,,1931,1.2747397585772,-5.80429613590241,-54.6923792862799,South America,SAmerica,302.589676700256,7311.08050474423,1016.67810333815,2.42544155608772,2.42995319737195,69.8757371996727,42.3277285735032,49.7385131278514,79.1129030229658,42.5615253138014,50.6234013954095,653814.752638945,508605.142183966,434607.049577116,707740.290500484,,,Science-i,Science-i,,25.3023376464844,2141.85717773438,62.3014640808106,25.4842758178711,2223.77709960938,60.8389434814453,25.3070621490479,2257.91088867188,58.9651374816895,1771.26025390625,67.2788391113281,25.8861656188965,2105.6640625,62.2470321655274,24.5027198791504,1885.66528320313,62.3736419677734,2104.916015625,67.1751708984375,26.3958336512248,2086.15001487732,58.6199379683365,1.31240545101464,50.5032176524401,14.0618471474154,3.94438584521413,29.1407970106229,12.7264322247356,2.92177349911071,620.32144597848
104_PLT046_1924,104_PLT046,,1924,0.494961379328742,-2.80232368735597,13.0469323368743,Africa,Africa,306.139648038216,27378.6174580769,3719.48211898216,2.41240375957179,2.40709345580591,50.0145447149347,49.3801692526724,49.7723254561614,50.4101743327585,49.9935106687222,50.6213631395756,2227491.44495672,1887530.13923115,1873209.89945992,1896962.7988655,,,Science-i,Science-i,,23.3042678833008,1896.92797851563,62.1374359130859,22.9488525390625,1842.51782226563,67.1761093139649,23.1878967285156,1888.22900390625,58.988899230957,1762.36254882813,71.5306701660156,23.3724594116211,1739.71875,71.7859115600586,22.9421539306641,1747.77990722656,69.2917098999024,1658.04467773438,72.6895065307617,23.5750003655752,1707.10001039505,68.1102235691089,1.59541582129896,50.6194754759781,4.86781904962845,5.05997774098069,54.3720234930515,33.4874911920633,10.1648894813843,287.716775445733
163_PLT016_1932,163_PLT016,,1932,1.29363518132595,1.56758127966896,18.254922372289,Africa,Africa,303.765101445247,8974.62540826014,1238.37077340304,2.44048763714558,2.43516544390865,50.0011317613462,49.3608010942344,49.7488627017306,50.4087535587375,49.9904762231931,50.6153191124779,751016.387432788,625596.706534255,620903.91275433,628856.13841964,,,Science-i,Science-i,,25.3126850128174,1654.73876953125,33.382022857666,25.1862850189209,1711.0869140625,34.1325225830078,25.245532989502,1855.91162109375,32.9637031555176,1438.80004882813,36.2378311157227,25.2925796508789,1612.546875,35.1264190673828,24.4812297821045,1511.90563964844,31.7256813049316,1386.68188476563,38.0495300292969,25.1750005086263,1624.25001716614,38.4172888133211,1.32456463929266,49.7171160555445,1.38044828746934,5.78774125594646,34.323561610654,19.0341386047658,2.45830990956165,741.486390024657
165_PLT064_1990,165_PLT064,,1990,1.49546201381599,-0.905250473879278,17.0377727691084,Africa,Africa,305.941417735352,8460.03024077356,1150.81492147601,2.42598161079683,2.43395672758402,50.0122395104411,49.3748504893534,49.7639827259519,50.4078971383017,49.988652254272,50.6117012729434,729569.521873134,589600.959521486,585147.4420914,592582.375409058,,,Science-i,Science-i,,25.605598449707,1706.4453125,35.0682106018066,25.2998847961426,1710.62817382813,35.9144058227539,25.3753280639648,1793.62353515625,28.3619823455811,1568.34777832031,32.2914924621582,25.5113945007324,1653.7734375,35.6844367980957,24.861291885376,1803.720703125,27.7211589813232,1482.19970703125,33.4317398071289,25.741666952769,1511.8500289917,34.1872721096829,1.36682437453419,31.9915843801573,14.2420406305464,4.36757105123252,77.7415361860767,37.6049455883913,30.1626917801332,838.224580722163
170_PLT069_1957,170_PLT069,,1957,0.491252139909192,-2.60900044348091,29.2220958741382,Africa,Africa,304.743216382059,18945.4181200016,2597.44415614326,2.44034228164645,2.44942192485994,50.0068278653672,49.3674649047656,49.7550478863182,50.4107130311695,49.9946640576164,50.6236689285398,1705443.74732834,1328451.22376725,1318452.79487285,1335253.96021166,,,Science-i,Science-i,,17.0181331634522,1610.33081054688,52.3222808837891,17.0297508239746,1522.06103515625,49.883056640625,18.9497699737549,1630.96813964844,64.3739547729492,1269.66101074219,56.4900131225586,21.5755195617676,1142.9375,56.5189208984375,23.0191764831543,1156.83740234375,56.4856414794922,1100.138671875,61.200813293457,19.5000001589457,1311.10003209114,55.4620537721937,1.23525281976908,47.7237579319626,10.9486459647305,5.27907200809568,56.081943558529,22.9522921098396,13.3983802178409,315.842134323902
177_PLT056_1956,177_PLT056,,1956,0.721464783011469,2.37077737925574,13.412904702127,Africa,Africa,302.061847744175,12078.140270971,1685.45995401784,2.42836964262195,2.42348137034999,49.9993678899361,49.3537451678386,49.7320902437634,50.4080523646463,49.9889825798475,50.6123556831926,1105017.92373528,838180.614814528,832046.245618504,842787.064637916,,,Science-i,Science-i,,23.7669868469238,1623.3994140625,48.5870590209961,23.6667594909668,1605.39111328125,53.8385543823242,23.6669845581055,1494.06005859375,33.1402435302734,1474.38269042969,58.4123306274414,24.0311527252197,1587.984375,53.638126373291,22.696647644043,1459.08666992188,45.7024765014648,1513.51818847656,45.6311111450195,24.0416671435038,1553.50002098084,54.118885992575,1.27531361635774,41.4610565779731,2.56326728616841,4.37196267489344,50.9017836349085,48.6210385011509,4.53247120371088,495.029380561318
225_PLT023_2016,225_PLT023,,2016,1.95780696358997,0.999889592640102,22.3603574652225,Africa,Africa,303.967014437872,7368.67340785653,1015.42186587929,2.44423442851865,2.45652439743571,50.0040238241799,49.361554877286,49.744639081746,50.4090644002371,49.9911392240814,50.6166370688584,636702.949630684,518192.299009844,514333.208529974,520914.338513343,,,Science-i,Science-i,,24.4056625366211,1971.28479003906,20.6366024017334,24.8448791503906,2018.93383789063,24.4277801513672,24.4568214416504,1821.83093261719,26.0799217224121,1911.7685546875,23.6947212219238,24.8467445373535,1963.0390625,23.7277584075928,24.0855178833008,1865.42126464844,20.2361583709717,1675.52209472656,23.9104728698731,25.0041670004527,1898.00001525879,25.0050108692204,1.03132778983563,45.5091200675815,8.46462751296349,5.509198253043,44.1544005321339,48.5329266777262,3.23568437481299,700.86063505034
234_PLT073_1926,234_PLT073,,1926,0.402633778227027,3.47453165100887,17.9044026928023,Africa,Africa,302.232971619769,19403.9987147286,2704.69110861822,2.43699496757871,2.42549947630457,49.9964618485848,49.3543524150293,49.7399774124643,50.4069154335967,49.9865661966336,50.6075774439175,1652207.55409953,1347293.51267465,1337267.2605542,1354468.22423685,,,Science-i,Science-i,,24.4847564697266,1645.78295898438,46.1196365356445,23.9763565063477,1668.76928710938,46.3595275878906,24.4482574462891,1637.2685546875,45.2896881103516,1456.50695800781,54.4305725097656,24.3971996307373,1620.6484375,43.6443061828613,23.9223861694336,1387.75537109375,47.8560104370117,1424.7333984375,49.0657196044922,24.966667175293,1582.2000169754,50.4022793295931,0.917690917849541,10.0312386662699,14.3343229590682,4.91561828739941,72.8147924738005,37.7016142557841,39.6198255952913,644.669665759429
258_PLT055_1923,258_PLT055,,1923,1.6847281686496,1.72999092610553,15.7647856138647,Africa,Africa,303.144972824962,4990.99012403261,691.506215470838,2.43033897023794,2.43062872307986,49.9980472265672,49.3563090526652,49.7428908083677,50.4110361473039,49.9953566398451,50.625055788752,441339.847770446,347255.631969911,344651.932455453,349068.18305756,,,Science-i,Science-i,,24.7543277740479,1667.65161132813,41.0690155029297,24.9097366333008,1621.095703125,39.2381629943848,24.3642826080322,1583.45349121094,30.4452648162842,1458.01818847656,42.319938659668,25.1636714935303,1554.5703125,37.9136352539063,23.7759418487549,1474.08093261719,37.9270629882813,1461.7412109375,38.2992095947266,24.9000005722046,1592.65001678467,42.0646682288572,1.57041938602924,33.7658287049271,8.98950862023048,6.09994063526392,41.8455118872225,16.5747535903938,33.9411330933217,647.142529558623
386_PLT057_1972,386_PLT057,,1972,0.744988225400446,0.211357257794589,13.4434349276125,Africa,Africa,304.768733655202,12622.1754024162,1730.22868825495,2.41189699043784,2.42112258829624,50.0045525561671,49.3680463586502,49.7613486640359,50.4095135590621,49.9920980738328,50.6185455789147,1131098.91205997,874918.766871004,868222.54274555,879228.315787903,,,Science-i,Science-i,,23.7853927612305,1926.90002441406,51.9414367675781,23.6820487976074,1704.63891601563,55.3706893920899,23.9160423278809,1617.63500976563,30.3850612640381,1512.509765625,60.7097053527832,23.9472007751465,1643.8046875,57.1585807800293,22.9722518920898,1594.822265625,49.9119720458984,1530.95446777344,51.0561714172363,24.7125000953674,1599.25001859665,58.9139540335538,1.52183923609555,21.0059442580678,6.3653990853345,4.99885582644492,37.294356841594,14.9804570595734,36.7472649423871,982.742671847809
390_PLT006_2020,390_PLT006,,2020,1.74904469220201,2.88195834029466,18.8953600404784,Africa,Africa,300.565483886308,7857.7246656341,1107.46169531057,2.43762443941859,2.44181133391046,49.98533918563,49.3354448992287,49.7130449931921,50.407964848221,49.9887963369129,50.6119866991096,659097.836470627,549141.348118156,545122.600548684,552198.154058705,,,Science-i,Science-i,,25.0195388793945,1620.01123046875,39.4629631042481,24.6646709442139,1707.48608398438,37.9714431762695,25.0567665100098,1665.07373046875,42.3084182739258,1472.41687011719,40.5655059814453,24.8093109130859,1645.1640625,37.9468002319336,24.4273452758789,1532.36865234375,37.9253387451172,1442.18029785156,45.1496543884277,25.4416671593984,1582.80002403259,44.7485344778902,1.35256422273815,28.9908268861473,9.89445545023773,4.92178152315319,30.2387141063809,31.6870543255936,44.1963168152142,416.809011131991
401_PLT053_1931,401_PLT053,,1931,1.61844560067402,1.19256483390927,27.6049308246002,Africa,Africa,302.700467263483,8546.16632873763,1187.5592229974,2.42345763441687,2.4339323636331,49.9988007651146,49.3531354794349,49.732525596221,50.4091310466129,49.9912814004497,50.6169197693791,718141.838708186,595556.023502811,591154.875707879,598755.615098986,,,Science-i,Science-i,,23.495943069458,1997.70275878906,28.382360458374,24.4944190979004,1728.74536132813,30.3039302825928,23.5277214050293,2097.28125,28.404109954834,1627.72131347656,35.8859252929688,24.8851566314697,1670.0390625,28.984260559082,23.6921863555908,1636.94421386719,36.0762405395508,1737.46264648438,31.3446769714356,24.8208337624868,1368.50001907349,28.4948403451283,1.43637393414974,40.6385501637124,5.13739894784521,5.63475178182125,30.3303047828376,17.0384644460864,4.66198402340524,120.001803879859
422_PLT074_1984,422_PLT074,,1984,0.641615001833996,-0.024727329146117,19.5569075969979,Africa,Africa,304.830317737357,14957.4459423415,2049.51566942979,2.4281390924902,2.42234008569722,50.004885984612,49.3619510546857,49.7448785864606,50.4090017318115,49.9910056850753,50.6163719888736,1261459.27901658,1037409.54367869,1029720.46067742,1042954.08879244,,,Science-i,Science-i,,25.0607032775879,1888.35327148438,22.9620819091797,25.9397792816162,2017.71020507813,22.3489570617676,25.0335426330566,2001.45532226562,24.3382797241211,1831.32507324219,22.3289337158203,26.1218109130859,1968,23.9661560058594,24.4919147491455,1766.66479492188,29.120491027832,1789.85778808594,28.2784519195557,25.2000006039937,1849.80000686646,26.4293791935725,0.81969094760716,27.5898954621516,4.96194015757646,6.46133744157851,48.9225563313812,28.898167948937,4.45688232081011,528.659808434313
447_PLT044_2006,447_PLT044,,2006,1.03679984383052,-1.80179382907227,18.1366518652067,Africa,Africa,303.025090389922,13243.9972286278,1836.42002969981,2.42696203393279,2.42346526396993,49.999253670066,49.354242243087,49.7351174983786,50.411153815271,49.9956090035534,50.6255615773175,1150713.66585583,918932.432834811,912159.052221767,923919.38033944,,,Science-i,Science-i,,26.0344181060791,1854.19799804688,40.0360107421875,25.5626850128174,1750.16137695313,37.7019729614258,25.8110466003418,2031.59765625,31.8841400146484,1613.12548828125,43.2025489807129,25.8386077880859,1758.4609375,40.0741958618164,25.5775146484375,1864.57043457031,34.9012069702148,1325.82922363281,38.8612747192383,25.9333337942759,1633.35001373291,42.5054710607141,1.18223677687347,15.5567712173797,3.68663065333385,4.38441175129265,35.1778957108036,40.3381252079271,35.9474225027952,226.19871758041
466_PLT062_2009,466_PLT062,,2009,0.983330018585544,-0.605684637557715,10.9532725485042,Africa,Africa,306.746525482798,11829.1793497218,1600.68336189319,2.43791024081294,2.43780493644614,50.0189574696895,49.3821532021657,49.7688068976015,50.408801416377,49.9905783489018,50.6155222690653,1080678.19008842,825909.6903998,819707.455068203,830114.753209754,,,Science-i,Science-i,,24.8671379089356,2338.109375,67.4668197631836,25.6372356414795,2045.421875,69.0104827880859,24.9789810180664,2648.50512695313,55.0192260742188,1740.84436035156,75.9529876708984,25.3400726318359,2033.875,70.5160903930664,22.8753128051758,1917.3759765625,72.2521362304688,1963.26293945313,72.7368011474609,26.2291671435038,1940.70002150536,71.9064646623705,1.40676763001829,22.1809736359864,5.85758855461609,5.1509844744578,32.975287376903,12.5627364742104,35.3058869938832,488.843822873896
508_PLT075_1906,508_PLT075,,1906,1.2512601891649,-1.12090970156714,21.2050652736798,Africa,Africa,303.054241344563,7044.56520308126,976.615423859662,2.42677291489827,2.42787568438516,50.0008411750444,49.3609647614658,49.7486796815295,50.4093801137956,49.9918130727358,50.6179779346653,617880.73956833,489660.547630949,485979.321635122,492187.422477603,,,Science-i,Science-i,,24.7028732299805,1898.48583984375,23.6643505096436,24.7557563781738,2048.99169921875,26.1556129455566,24.7392864227295,1933.97387695313,25.3136444091797,1900.77685546875,21.7553462982178,24.9639320373535,2044.2421875,25.2203025817871,24.4844856262207,1732.02453613281,29.9484195709229,1587.67309570313,29.8534030914307,24.7833338578542,2022.00002288818,21.9949184679333,0.973126348666847,43.402779372409,14.771178450319,4.56274674739689,60.4625832848251,23.1979631457943,0.424345729406923,372.065872480162
57_PLT014_1915,57_PLT014,,1915,0.607167795766146,1.53101925039664,24.8066872078925,Africa,Africa,305.11107232308,20037.8172467902,2740.59331144252,2.4325242337267,2.43006859744305,50.0101858746188,49.3749524192986,49.7673476788868,50.4103775173193,49.9939455176319,50.6222319218907,1711615.99499968,1394183.54107049,1383595.9544395,1401155.5279329,,,Science-i,Science-i,,24.101224899292,1878.28051757813,32.9542655944824,24.2654933929443,1701.3310546875,35.0822219848633,24.0025081634522,1923.0869140625,28.4807815551758,1677.0244140625,37.7274322509766,24.1561851501465,1592.7109375,39.3001289367676,23.8247680664063,1701.10021972656,38.6060256958008,1541.60778808594,43.8525505065918,24.9208339850108,1711.15003585815,34.7892950237281,1.05454480610788,30.8823389839381,2.73593336192425,6.01989221386612,22.8598176455125,26.220932493452,35.0579647254199,988.266931691905
588_PLT066_1989,588_PLT066,,1989,1.34744372603018,-3.1615047599189,26.419026479125,Africa,Africa,305.470688864901,10105.6451191933,1378.90730730107,2.4243741268538,2.42405823048851,50.0109348970966,49.3737091634738,49.7634682889813,50.4107142955387,49.9946667738175,50.623674385722,918218.546450797,701391.743364411,696087.969375201,704942.144390047,,,Science-i,Science-i,,24.2785625457764,1723.49645996094,38.8288421630859,24.3979568481445,1539.76440429688,46.0989608764649,24.1871395111084,1834.29528808594,41.8000946044922,1430.81713867188,57.5536422729492,24.7145500183106,1472.421875,50.5124893188477,24.0149097442627,1476.66137695313,54.2199325561523,1453.63354492188,55.8640480041504,24.5208337306976,1567.45002174377,49.8234263259164,0.98530062828213,49.4097917014733,1.82013799832203,4.23531396314502,62.0511852484196,44.0648063097615,32.8225793363526,390.260710730217
648_PLT027_1957,648_PLT027,,1957,0.412620185874402,-0.170976028311998,21.6350019956008,Africa,Africa,304.319063204262,26758.9765692154,3678.92810862643,2.43208304357797,2.44053359110325,50.0028308481925,49.3651204610437,49.7570180194799,50.4108561278451,49.9949707089602,50.624282777243,2304457.08523275,1869225.79569157,1855010.2274419,1878604.41490639,,,Science-i,Science-i,,24.7443656921387,1954.5078125,18.8849658966064,24.9538230895996,2122.19384765625,22.1567649841309,24.70432472229,1925.51782226563,24.573320388794,1899.76953125,21.3896827697754,24.8539714813232,2124.78125,23.3384571075439,24.2780609130859,1833.29357910156,23.3610763549805,1640.27307128906,33.520565032959,24.7958337465922,2046.90004730225,20.1487674670203,0.914240017905831,15.1432322128676,2.5576501628384,6.95457644574344,41.1133183073252,46.6568580130115,28.3559333765879,230.391064533033
657_PLT011_1944,657_PLT011,,1944,0.49017633072799,3.86469060787931,17.4942791322246,Africa,Africa,300.102087310258,17936.8718640289,2535.8221563941,2.41990295782215,2.42666589489123,49.9880257085328,49.3348247006622,49.7051249406442,50.4079240527098,49.9887095290032,50.6118147408363,1478558.5945826,1246263.58863604,1237296.1820927,1253414.40901002,,,Science-i,Science-i,,24.5763092041016,1558.88696289063,52.1588745117188,23.890380859375,1620.98828125,51.294792175293,24.0817317962647,1551.39123535156,51.9020690917969,1394.32849121094,60.0097274780273,24.1719722747803,1587.765625,51.3505897521973,24.1904144287109,1380.56176757813,54.6247253417969,1364.69421386719,54.2947120666504,24.7083337306976,1568.15003204346,55.4638362517724,1.13163706865162,31.7446370748803,10.505102971918,6.48627201654017,44.5366398757324,44.6889901685063,21.64098734851,626.414034023183
757_PLT041_1952,757_PLT041,,1952,0.967405374860393,0.854833531193435,22.3998662037775,Africa,Africa,307.571411107615,11435.8384982545,1539.16862433691,2.42443995822951,2.42416450759527,50.0230109872526,49.3933161334152,49.7902137263676,50.4091282780189,49.9912755004732,50.6169080564386,980099.239003302,793974.606770912,787860.980590203,797756.618723256,,,Science-i,Science-i,,24.4056625366211,1971.28479003906,20.6366024017334,24.8448791503906,2018.93383789063,24.4277801513672,24.4568214416504,1821.83093261719,26.0799217224121,1911.7685546875,23.6947212219238,24.8467445373535,1963.0390625,23.7277584075928,24.0855178833008,1865.42126464844,20.2361583709717,1675.52209472656,23.9104728698731,25.0041670004527,1898.00001525879,25.0050108692204,1.13097946103662,59.2478489992209,9.47921900916845,6.17313859891146,69.2570794373751,35.3384079132229,7.0486583118327,137.22289805417
941_PLT042_1953,941_PLT042,,1953,0.995333984610628,-0.95489718252793,28.7462817830965,Africa,Africa,300.106925621343,11512.9892389243,1627.59438042673,2.4120975765534,2.41778966496045,49.9868421389987,49.3395566448289,49.719594305146,50.4062778791635,49.9852138855534,50.6049112674537,983056.114151419,796909.601808879,791022.216351907,801234.339937592,,,Science-i,Science-i,,18.9915351867676,2116.79028320313,26.0600605010986,18.7084560394287,1466.59741210938,24.7942161560059,19.8693809509277,4027.86865234375,26.5688591003418,1849.68334960938,24.9733200073242,18.1846675872803,1396.4609375,30.3715705871582,21.1100940704346,1909.56884765625,24.1381206512451,1325.01123046875,28.5236930847168,19.887500445048,1273.40001678467,26.9148858734636,1.09507636073977,54.6525557199493,13.4252146986546,5.9720714930445,75.1314408890903,47.7575140702538,0.369698392460123,972.306841795798
